"Reference","Value","Datasheet","Footprint","Qty","DNP","LCSC"
"C1,C2,C4,C5,C6,C11","4.7u10v","","Capacitor_SMD:C_0402_1005Metric","6","","C23733"
"C3,C7,C8","100n","","Capacitor_SMD:C_0402_1005Metric","3","","C1525"
"C9,C10","2.2p","","Capacitor_SMD:C_0402_1005Metric","2","","C1559"
"C12","10u6.3v","","Capacitor_SMD:C_0402_1005Metric","1","","C15525"
"D1,D2","LED","","LED_SMD:LED_0603_1608Metric","2","","C2286"
"D3,D4","D","","Diode_SMD:D_SOD-323","2","","C191023"
"J1","OLED","","fpc:AFC42-S08FMA-1H","1","","C466530"
"J2","USB_C_Receptacle_USB2.0","https://www.usb.org/sites/default/files/documents/usb_type-c.zip","Connector_USB:USB_C_Receptacle_HRO_TYPE-C-31-M-12","1","","C2765186"
"R1","390k","","Resistor_SMD:R_0402_1005Metric","1","","C25782"
"R2,R3","5.1k","","Resistor_SMD:R_0402_1005Metric","2","","C105872"
"R4","1.5k","","Resistor_SMD:R_0402_1005Metric","1","","C25867"
"R5","49.9","","Resistor_SMD:R_0402_1005Metric","1","","C25120"
"U1","CH32V006F8U6","","Package_DFN_QFN:QFN-20-1EP_3x3mm_P0.4mm_EP1.65x1.65mm","1","","C42431288"
"U2","RS3236-3.3YUTDN4","","cnhardware:xdfn-reg","1","","C379350"
"Y1","24MHz","","Crystal:Crystal_SMD_2016-4Pin_2.0x1.6mm","1","","C2929397"
