"Reference","Qty","Value","DNP","Exclude from BOM","Exclude from Board","Footprint","Datasheet","LCSC"
"C1","1","1u25v","","","","Capacitor_SMD:C_0402_1005Metric","","C52923"
"C2,C6","2","4.7u10v","","","","Capacitor_SMD:C_0402_1005Metric","","C23733"
"J1","1","SPGM","","","","Connector_PinHeader_2.54mm:PinHeader_1x03_P2.54mm_Vertical","~","C49257"
"J2","1","USB_C_Receptacle_USB2.0","","","","Connector_USB:USB_C_Receptacle_HRO_TYPE-C-31-M-12","https://www.usb.org/sites/default/files/documents/usb_type-c.zip","C2765186"
"J3","1","PGMVDD","","","","TestPoint:TestPoint_Loop_D2.60mm_Drill1.6mm_Beaded","","C5221281"
"J4","1","PGMO","","","","Connector_PinHeader_2.54mm:PinHeader_1x04_P2.54mm_Vertical","~","C18213719"
"J5","1","PGMVDD-POGO-5.5mm","","","","TestPoint:TestPoint_Loop_D2.60mm_Drill1.6mm_Beaded","","C5221281"
"J11","1","PGMIO","","","","TestPoint:TestPoint_Loop_D2.60mm_Drill1.6mm_Beaded","","C5221281"
"R1,R2,R3","3","5.1k","","","","Resistor_SMD:R_0402_1005Metric","","C105872"
"R4","1","1.5k","","","","Resistor_SMD:R_0402_1005Metric","","C25867"
"U2","1","RS3236-3.3YUTDN4","","","","cnhardware:xdfn-reg","","C379350"
"U3","1","CH32V003JxMx","","","","Package_SO:SOP-8_3.9x4.9mm_P1.27mm","https://www.wch-ic.com/products/CH32V003.html",""
