Designator,Val,Package,Mid X,Mid Y,Rotation,Layer
"C1","1u25v","C_0402_1005Metric",161.320000,-81.500000,0.000000,top
"C2","4.7u10v","C_0402_1005Metric",161.320000,-82.500000,0.000000,top
"C6","4.7u10v","C_0402_1005Metric",157.815692,-84.300000,-150.000000,top
"J1","SPGM","PinHeader_1x03_P2.54mm_Vertical",160.920000,-95.500000,90.000000,top
"J2","USB_C_Receptacle_USB2.0","USB_C_Receptacle_HRO_TYPE-C-31-M-12",169.350000,-86.880000,90.000000,top
"J3","PGMVDD","TestPoint_Loop_D2.60mm_Drill1.6mm_Beaded",157.100000,-92.000000,0.000000,top
"J4","PGMO","PinHeader_1x04_P2.54mm_Vertical",162.000000,-101.400000,90.000000,top
"J5","PGMVDD-POGO-5.5mm","TestPoint_Loop_D2.60mm_Drill1.6mm_Beaded",171.020000,-77.150000,0.000000,top
"J11","PGMIO","TestPoint_Loop_D2.60mm_Drill1.6mm_Beaded",160.260000,-85.640000,0.000000,top
"R1","5.1k","R_0402_1005Metric",161.590000,-90.500000,0.000000,top
"R2","5.1k","R_0402_1005Metric",163.300000,-89.400000,-90.000000,top
"R3","5.1k","R_0402_1005Metric",163.200000,-83.010000,90.000000,top
"R4","1.5k","R_0402_1005Metric",162.100000,-88.900000,90.000000,top
"U2","RS3236-3.3YUTDN4","xdfn-reg",157.604063,-82.565707,-40.000000,top
"U3","CH32V003JxMx","SOP-8_3.9x4.9mm_P1.27mm",161.600000,-78.200000,0.000000,top
